title,geo_accession,status,submission_date,last_update_date,type,channel_count,source_name_ch1,organism_ch1,characteristics_ch1,molecule_ch1,extract_protocol_ch1,label_ch1,label_protocol_ch1,taxid_ch1,hyb_protocol,scan_protocol,description,data_processing,platform_id,contact_name,contact_email,contact_phone,contact_institute,contact_address,contact_city,contact_state,contact_zip/postal_code,contact_country,supplementary_file,data_row_count
"""Colorectal Adenocarinoma 17753""","""GSM615865""","""Public on Jun 03 2011""","""Nov 01 2010""","""Jun 03 2011""","""RNA""","""1""","""total RNA from colorectal adenocarcinoma 17753""","""Homo sapiens""","""tissue pair: normal adjacent tissue 17779""","""total RNA""","""Total RNA was isolated using the Trizol reagent according to the manufacturerâ€™s protocol. The quality of the RNA samples was assessed using the Bio-Rad Experion RNA StdSens analysis kit.""","""biotin""","""Biotinylated, amplified cRNA was prepared from total RNA using the Illumina TotalPrep RNA Amplification Kit.""","""9606""","""The biotinylated cRNA was hybridized to the BeadChips per standard Illumina hybridization protocol.""","""The hybridized chips were stained and scanned using the Illumina HD BeadArray following the standard Illumina protocol.""","""Paired with normal adjacent tissue17779""","""Scanned image and bead-level data processing were performed using the Illumina BeadStudio software v3.2. The summarized data for each bead type were then processed, log2 transformed and normalized using Robust Spline Normalization (RSN) as implemented in the R-based lumi package.""","""GPL6883""","""Toshinori,,Hinoue""","""thinoue@usc.edu""","""323-442-7458""","""USC Epigenome Center""","""1450 Biggy Street, NRT G511""","""Los Angeles""","""CA""","""90033-9601""","""USA""","""ftp://ftp.ncbi.nlm.nih.gov/geo/samples/GSM615nnn/GSM615865/suppl/GSM615865.txt.gz""","""24526"""
"""Colorectal Adenocarinoma 17754""","""GSM615866""","""Public on Jun 03 2011""","""Nov 01 2010""","""Jun 03 2011""","""RNA""","""1""","""total RNA from colorectal adenocarcinoma 17754""","""Homo sapiens""","""tissue pair: normal adjacent tissue 17780""","""total RNA""","""Total RNA was isolated using the Trizol reagent according to the manufacturerâ€™s protocol. The quality of the RNA samples was assessed using the Bio-Rad Experion RNA StdSens analysis kit.""","""biotin""","""Biotinylated, amplified cRNA was prepared from total RNA using the Illumina TotalPrep RNA Amplification Kit.""","""9606""","""The biotinylated cRNA was hybridized to the BeadChips per standard Illumina hybridization protocol.""","""The hybridized chips were stained and scanned using the Illumina HD BeadArray following the standard Illumina protocol.""","""Paired with normal adjacent tissue17780""","""Scanned image and bead-level data processing were performed using the Illumina BeadStudio software v3.2. The summarized data for each bead type were then processed, log2 transformed and normalized using Robust Spline Normalization (RSN) as implemented in the R-based lumi package.""","""GPL6883""","""Toshinori,,Hinoue""","""thinoue@usc.edu""","""323-442-7458""","""USC Epigenome Center""","""1450 Biggy Street, NRT G511""","""Los Angeles""","""CA""","""90033-9601""","""USA""","""ftp://ftp.ncbi.nlm.nih.gov/geo/samples/GSM615nnn/GSM615866/suppl/GSM615866.txt.gz""","""24526"""
"""Colorectal Adenocarinoma 17755""","""GSM615867""","""Public on Jun 03 2011""","""Nov 01 2010""","""Jun 03 2011""","""RNA""","""1""","""total RNA from colorectal adenocarcinoma 17755""","""Homo sapiens""","""tissue pair: normal adjacent tissue 17781""","""total RNA""","""Total RNA was isolated using the Trizol reagent according to the manufacturerâ€™s protocol. The quality of the RNA samples was assessed using the Bio-Rad Experion RNA StdSens analysis kit.""","""biotin""","""Biotinylated, amplified cRNA was prepared from total RNA using the Illumina TotalPrep RNA Amplification Kit.""","""9606""","""The biotinylated cRNA was hybridized to the BeadChips per standard Illumina hybridization protocol.""","""The hybridized chips were stained and scanned using the Illumina HD BeadArray following the standard Illumina protocol.""","""Paired with normal adjacent tissue17781""","""Scanned image and bead-level data processing were performed using the Illumina BeadStudio software v3.2. The summarized data for each bead type were then processed, log2 transformed and normalized using Robust Spline Normalization (RSN) as implemented in the R-based lumi package.""","""GPL6883""","""Toshinori,,Hinoue""","""thinoue@usc.edu""","""323-442-7458""","""USC Epigenome Center""","""1450 Biggy Street, NRT G511""","""Los Angeles""","""CA""","""90033-9601""","""USA""","""ftp://ftp.ncbi.nlm.nih.gov/geo/samples/GSM615nnn/GSM615867/suppl/GSM615867.txt.gz""","""24526"""
"""Colorectal Adenocarinoma 17756""","""GSM615868""","""Public on Jun 03 2011""","""Nov 01 2010""","""Jun 03 2011""","""RNA""","""1""","""total RNA from colorectal adenocarcinoma 17756""","""Homo sapiens""","""tissue pair: normal adjacent tissue 17782""","""total RNA""","""Total RNA was isolated using the Trizol reagent according to the manufacturerâ€™s protocol. The quality of the RNA samples was assessed using the Bio-Rad Experion RNA StdSens analysis kit.""","""biotin""","""Biotinylated, amplified cRNA was prepared from total RNA using the Illumina TotalPrep RNA Amplification Kit.""","""9606""","""The biotinylated cRNA was hybridized to the BeadChips per standard Illumina hybridization protocol.""","""The hybridized chips were stained and scanned using the Illumina HD BeadArray following the standard Illumina protocol.""","""Paired with normal adjacent tissue17782""","""Scanned image and bead-level data processing were performed using the Illumina BeadStudio software v3.2. The summarized data for each bead type were then processed, log2 transformed and normalized using Robust Spline Normalization (RSN) as implemented in the R-based lumi package.""","""GPL6883""","""Toshinori,,Hinoue""","""thinoue@usc.edu""","""323-442-7458""","""USC Epigenome Center""","""1450 Biggy Street, NRT G511""","""Los Angeles""","""CA""","""90033-9601""","""USA""","""ftp://ftp.ncbi.nlm.nih.gov/geo/samples/GSM615nnn/GSM615868/suppl/GSM615868.txt.gz""","""24526"""
"""Colorectal Adenocarinoma 17757""","""GSM615869""","""Public on Jun 03 2011""","""Nov 01 2010""","""Jun 03 2011""","""RNA""","""1""","""total RNA from colorectal adenocarcinoma 17757""","""Homo sapiens""","""tissue pair: normal adjacent tissue 17783""","""total RNA""","""Total RNA was isolated using the Trizol reagent according to the manufacturerâ€™s protocol. The quality of the RNA samples was assessed using the Bio-Rad Experion RNA StdSens analysis kit.""","""biotin""","""Biotinylated, amplified cRNA was prepared from total RNA using the Illumina TotalPrep RNA Amplification Kit.""","""9606""","""The biotinylated cRNA was hybridized to the BeadChips per standard Illumina hybridization protocol.""","""The hybridized chips were stained and scanned using the Illumina HD BeadArray following the standard Illumina protocol.""","""Paired with normal adjacent tissue17783""","""Scanned image and bead-level data processing were performed using the Illumina BeadStudio software v3.2. The summarized data for each bead type were then processed, log2 transformed and normalized using Robust Spline Normalization (RSN) as implemented in the R-based lumi package.""","""GPL6883""","""Toshinori,,Hinoue""","""thinoue@usc.edu""","""323-442-7458""","""USC Epigenome Center""","""1450 Biggy Street, NRT G511""","""Los Angeles""","""CA""","""90033-9601""","""USA""","""ftp://ftp.ncbi.nlm.nih.gov/geo/samples/GSM615nnn/GSM615869/suppl/GSM615869.txt.gz""","""24526"""
"""Colorectal Adenocarinoma 17758""","""GSM615870""","""Public on Jun 03 2011""","""Nov 01 2010""","""Jun 03 2011""","""RNA""","""1""","""total RNA from colorectal adenocarcinoma 17758""","""Homo sapiens""","""tissue pair: normal adjacent tissue 17784""","""total RNA""","""Total RNA was isolated using the Trizol reagent according to the manufacturerâ€™s protocol. The quality of the RNA samples was assessed using the Bio-Rad Experion RNA StdSens analysis kit.""","""biotin""","""Biotinylated, amplified cRNA was prepared from total RNA using the Illumina TotalPrep RNA Amplification Kit.""","""9606""","""The biotinylated cRNA was hybridized to the BeadChips per standard Illumina hybridization protocol.""","""The hybridized chips were stained and scanned using the Illumina HD BeadArray following the standard Illumina protocol.""","""Paired with normal adjacent tissue17784""","""Scanned image and bead-level data processing were performed using the Illumina BeadStudio software v3.2. The summarized data for each bead type were then processed, log2 transformed and normalized using Robust Spline Normalization (RSN) as implemented in the R-based lumi package.""","""GPL6883""","""Toshinori,,Hinoue""","""thinoue@usc.edu""","""323-442-7458""","""USC Epigenome Center""","""1450 Biggy Street, NRT G511""","""Los Angeles""","""CA""","""90033-9601""","""USA""","""ftp://ftp.ncbi.nlm.nih.gov/geo/samples/GSM615nnn/GSM615870/suppl/GSM615870.txt.gz""","""24526"""
"""Colorectal Adenocarinoma 17759""","""GSM615871""","""Public on Jun 03 2011""","""Nov 01 2010""","""Jun 03 2011""","""RNA""","""1""","""total RNA from colorectal adenocarcinoma 17759""","""Homo sapiens""","""tissue pair: normal adjacent tissue 17785""","""total RNA""","""Total RNA was isolated using the Trizol reagent according to the manufacturerâ€™s protocol. The quality of the RNA samples was assessed using the Bio-Rad Experion RNA StdSens analysis kit.""","""biotin""","""Biotinylated, amplified cRNA was prepared from total RNA using the Illumina TotalPrep RNA Amplification Kit.""","""9606""","""The biotinylated cRNA was hybridized to the BeadChips per standard Illumina hybridization protocol.""","""The hybridized chips were stained and scanned using the Illumina HD BeadArray following the standard Illumina protocol.""","""Paired with normal adjacent tissue17785""","""Scanned image and bead-level data processing were performed using the Illumina BeadStudio software v3.2. The summarized data for each bead type were then processed, log2 transformed and normalized using Robust Spline Normalization (RSN) as implemented in the R-based lumi package.""","""GPL6883""","""Toshinori,,Hinoue""","""thinoue@usc.edu""","""323-442-7458""","""USC Epigenome Center""","""1450 Biggy Street, NRT G511""","""Los Angeles""","""CA""","""90033-9601""","""USA""","""ftp://ftp.ncbi.nlm.nih.gov/geo/samples/GSM615nnn/GSM615871/suppl/GSM615871.txt.gz""","""24526"""
"""Colorectal Adenocarinoma 17760""","""GSM615872""","""Public on Jun 03 2011""","""Nov 01 2010""","""Jun 03 2011""","""RNA""","""1""","""total RNA from colorectal adenocarcinoma 17760""","""Homo sapiens""","""tissue pair: normal adjacent tissue 17786""","""total RNA""","""Total RNA was isolated using the Trizol reagent according to the manufacturerâ€™s protocol. The quality of the RNA samples was assessed using the Bio-Rad Experion RNA StdSens analysis kit.""","""biotin""","""Biotinylated, amplified cRNA was prepared from total RNA using the Illumina TotalPrep RNA Amplification Kit.""","""9606""","""The biotinylated cRNA was hybridized to the BeadChips per standard Illumina hybridization protocol.""","""The hybridized chips were stained and scanned using the Illumina HD BeadArray following the standard Illumina protocol.""","""Paired with normal adjacent tissue17786""","""Scanned image and bead-level data processing were performed using the Illumina BeadStudio software v3.2. The summarized data for each bead type were then processed, log2 transformed and normalized using Robust Spline Normalization (RSN) as implemented in the R-based lumi package.""","""GPL6883""","""Toshinori,,Hinoue""","""thinoue@usc.edu""","""323-442-7458""","""USC Epigenome Center""","""1450 Biggy Street, NRT G511""","""Los Angeles""","""CA""","""90033-9601""","""USA""","""ftp://ftp.ncbi.nlm.nih.gov/geo/samples/GSM615nnn/GSM615872/suppl/GSM615872.txt.gz""","""24526"""
"""Colorectal Adenocarinoma 17761""","""GSM615873""","""Public on Jun 03 2011""","""Nov 01 2010""","""Jun 03 2011""","""RNA""","""1""","""total RNA from colorectal adenocarcinoma 17761""","""Homo sapiens""","""tissue pair: normal adjacent tissue 17787""","""total RNA""","""Total RNA was isolated using the Trizol reagent according to the manufacturerâ€™s protocol. The quality of the RNA samples was assessed using the Bio-Rad Experion RNA StdSens analysis kit.""","""biotin""","""Biotinylated, amplified cRNA was prepared from total RNA using the Illumina TotalPrep RNA Amplification Kit.""","""9606""","""The biotinylated cRNA was hybridized to the BeadChips per standard Illumina hybridization protocol.""","""The hybridized chips were stained and scanned using the Illumina HD BeadArray following the standard Illumina protocol.""","""Paired with normal adjacent tissue17787""","""Scanned image and bead-level data processing were performed using the Illumina BeadStudio software v3.2. The summarized data for each bead type were then processed, log2 transformed and normalized using Robust Spline Normalization (RSN) as implemented in the R-based lumi package.""","""GPL6883""","""Toshinori,,Hinoue""","""thinoue@usc.edu""","""323-442-7458""","""USC Epigenome Center""","""1450 Biggy Street, NRT G511""","""Los Angeles""","""CA""","""90033-9601""","""USA""","""ftp://ftp.ncbi.nlm.nih.gov/geo/samples/GSM615nnn/GSM615873/suppl/GSM615873.txt.gz""","""24526"""
"""Colorectal Adenocarinoma 17762""","""GSM615874""","""Public on Jun 03 2011""","""Nov 01 2010""","""Jun 03 2011""","""RNA""","""1""","""total RNA from colorectal adenocarcinoma 17762""","""Homo sapiens""","""tissue pair: normal adjacent tissue 17788""","""total RNA""","""Total RNA was isolated using the Trizol reagent according to the manufacturerâ€™s protocol. The quality of the RNA samples was assessed using the Bio-Rad Experion RNA StdSens analysis kit.""","""biotin""","""Biotinylated, amplified cRNA was prepared from total RNA using the Illumina TotalPrep RNA Amplification Kit.""","""9606""","""The biotinylated cRNA was hybridized to the BeadChips per standard Illumina hybridization protocol.""","""The hybridized chips were stained and scanned using the Illumina HD BeadArray following the standard Illumina protocol.""","""Paired with normal adjacent tissue17788""","""Scanned image and bead-level data processing were performed using the Illumina BeadStudio software v3.2. The summarized data for each bead type were then processed, log2 transformed and normalized using Robust Spline Normalization (RSN) as implemented in the R-based lumi package.""","""GPL6883""","""Toshinori,,Hinoue""","""thinoue@usc.edu""","""323-442-7458""","""USC Epigenome Center""","""1450 Biggy Street, NRT G511""","""Los Angeles""","""CA""","""90033-9601""","""USA""","""ftp://ftp.ncbi.nlm.nih.gov/geo/samples/GSM615nnn/GSM615874/suppl/GSM615874.txt.gz""","""24526"""
"""Colorectal Adenocarinoma 17763""","""GSM615875""","""Public on Jun 03 2011""","""Nov 01 2010""","""Jun 03 2011""","""RNA""","""1""","""total RNA from colorectal adenocarcinoma 17763""","""Homo sapiens""","""tissue pair: normal adjacent tissue 17789""","""total RNA""","""Total RNA was isolated using the Trizol reagent according to the manufacturerâ€™s protocol. The quality of the RNA samples was assessed using the Bio-Rad Experion RNA StdSens analysis kit.""","""biotin""","""Biotinylated, amplified cRNA was prepared from total RNA using the Illumina TotalPrep RNA Amplification Kit.""","""9606""","""The biotinylated cRNA was hybridized to the BeadChips per standard Illumina hybridization protocol.""","""The hybridized chips were stained and scanned using the Illumina HD BeadArray following the standard Illumina protocol.""","""Paired with normal adjacent tissue17789""","""Scanned image and bead-level data processing were performed using the Illumina BeadStudio software v3.2. The summarized data for each bead type were then processed, log2 transformed and normalized using Robust Spline Normalization (RSN) as implemented in the R-based lumi package.""","""GPL6883""","""Toshinori,,Hinoue""","""thinoue@usc.edu""","""323-442-7458""","""USC Epigenome Center""","""1450 Biggy Street, NRT G511""","""Los Angeles""","""CA""","""90033-9601""","""USA""","""ftp://ftp.ncbi.nlm.nih.gov/geo/samples/GSM615nnn/GSM615875/suppl/GSM615875.txt.gz""","""24526"""
"""Colorectal Adenocarinoma 17764""","""GSM615876""","""Public on Jun 03 2011""","""Nov 01 2010""","""Jun 03 2011""","""RNA""","""1""","""total RNA from colorectal adenocarcinoma 17764""","""Homo sapiens""","""tissue pair: normal adjacent tissue 17790""","""total RNA""","""Total RNA was isolated using the Trizol reagent according to the manufacturerâ€™s protocol. The quality of the RNA samples was assessed using the Bio-Rad Experion RNA StdSens analysis kit.""","""biotin""","""Biotinylated, amplified cRNA was prepared from total RNA using the Illumina TotalPrep RNA Amplification Kit.""","""9606""","""The biotinylated cRNA was hybridized to the BeadChips per standard Illumina hybridization protocol.""","""The hybridized chips were stained and scanned using the Illumina HD BeadArray following the standard Illumina protocol.""","""Paired with normal adjacent tissue17790""","""Scanned image and bead-level data processing were performed using the Illumina BeadStudio software v3.2. The summarized data for each bead type were then processed, log2 transformed and normalized using Robust Spline Normalization (RSN) as implemented in the R-based lumi package.""","""GPL6883""","""Toshinori,,Hinoue""","""thinoue@usc.edu""","""323-442-7458""","""USC Epigenome Center""","""1450 Biggy Street, NRT G511""","""Los Angeles""","""CA""","""90033-9601""","""USA""","""ftp://ftp.ncbi.nlm.nih.gov/geo/samples/GSM615nnn/GSM615876/suppl/GSM615876.txt.gz""","""24526"""
"""Colorectal Adenocarinoma 17765""","""GSM615877""","""Public on Jun 03 2011""","""Nov 01 2010""","""Jun 03 2011""","""RNA""","""1""","""total RNA from colorectal adenocarcinoma 17765""","""Homo sapiens""","""tissue pair: normal adjacent tissue 17791""","""total RNA""","""Total RNA was isolated using the Trizol reagent according to the manufacturerâ€™s protocol. The quality of the RNA samples was assessed using the Bio-Rad Experion RNA StdSens analysis kit.""","""biotin""","""Biotinylated, amplified cRNA was prepared from total RNA using the Illumina TotalPrep RNA Amplification Kit.""","""9606""","""The biotinylated cRNA was hybridized to the BeadChips per standard Illumina hybridization protocol.""","""The hybridized chips were stained and scanned using the Illumina HD BeadArray following the standard Illumina protocol.""","""Paired with normal adjacent tissue17791""","""Scanned image and bead-level data processing were performed using the Illumina BeadStudio software v3.2. The summarized data for each bead type were then processed, log2 transformed and normalized using Robust Spline Normalization (RSN) as implemented in the R-based lumi package.""","""GPL6883""","""Toshinori,,Hinoue""","""thinoue@usc.edu""","""323-442-7458""","""USC Epigenome Center""","""1450 Biggy Street, NRT G511""","""Los Angeles""","""CA""","""90033-9601""","""USA""","""ftp://ftp.ncbi.nlm.nih.gov/geo/samples/GSM615nnn/GSM615877/suppl/GSM615877.txt.gz""","""24526"""
"""Colorectal Adenocarinoma 17766""","""GSM615878""","""Public on Jun 03 2011""","""Nov 01 2010""","""Jun 03 2011""","""RNA""","""1""","""total RNA from colorectal adenocarcinoma 17766""","""Homo sapiens""","""tissue pair: normal adjacent tissue 17792""","""total RNA""","""Total RNA was isolated using the Trizol reagent according to the manufacturerâ€™s protocol. The quality of the RNA samples was assessed using the Bio-Rad Experion RNA StdSens analysis kit.""","""biotin""","""Biotinylated, amplified cRNA was prepared from total RNA using the Illumina TotalPrep RNA Amplification Kit.""","""9606""","""The biotinylated cRNA was hybridized to the BeadChips per standard Illumina hybridization protocol.""","""The hybridized chips were stained and scanned using the Illumina HD BeadArray following the standard Illumina protocol.""","""Paired with normal adjacent tissue17792""","""Scanned image and bead-level data processing were performed using the Illumina BeadStudio software v3.2. The summarized data for each bead type were then processed, log2 transformed and normalized using Robust Spline Normalization (RSN) as implemented in the R-based lumi package.""","""GPL6883""","""Toshinori,,Hinoue""","""thinoue@usc.edu""","""323-442-7458""","""USC Epigenome Center""","""1450 Biggy Street, NRT G511""","""Los Angeles""","""CA""","""90033-9601""","""USA""","""ftp://ftp.ncbi.nlm.nih.gov/geo/samples/GSM615nnn/GSM615878/suppl/GSM615878.txt.gz""","""24526"""
"""Colorectal Adenocarinoma 17767""","""GSM615879""","""Public on Jun 03 2011""","""Nov 01 2010""","""Jun 03 2011""","""RNA""","""1""","""total RNA from colorectal adenocarcinoma 17767""","""Homo sapiens""","""tissue pair: normal adjacent tissue 17793""","""total RNA""","""Total RNA was isolated using the Trizol reagent according to the manufacturerâ€™s protocol. The quality of the RNA samples was assessed using the Bio-Rad Experion RNA StdSens analysis kit.""","""biotin""","""Biotinylated, amplified cRNA was prepared from total RNA using the Illumina TotalPrep RNA Amplification Kit.""","""9606""","""The biotinylated cRNA was hybridized to the BeadChips per standard Illumina hybridization protocol.""","""The hybridized chips were stained and scanned using the Illumina HD BeadArray following the standard Illumina protocol.""","""Paired with normal adjacent tissue17793""","""Scanned image and bead-level data processing were performed using the Illumina BeadStudio software v3.2. The summarized data for each bead type were then processed, log2 transformed and normalized using Robust Spline Normalization (RSN) as implemented in the R-based lumi package.""","""GPL6883""","""Toshinori,,Hinoue""","""thinoue@usc.edu""","""323-442-7458""","""USC Epigenome Center""","""1450 Biggy Street, NRT G511""","""Los Angeles""","""CA""","""90033-9601""","""USA""","""ftp://ftp.ncbi.nlm.nih.gov/geo/samples/GSM615nnn/GSM615879/suppl/GSM615879.txt.gz""","""24526"""
"""Colorectal Adenocarinoma 17768""","""GSM615880""","""Public on Jun 03 2011""","""Nov 01 2010""","""Jun 03 2011""","""RNA""","""1""","""total RNA from colorectal adenocarcinoma 17768""","""Homo sapiens""","""tissue pair: normal adjacent tissue 17794""","""total RNA""","""Total RNA was isolated using the Trizol reagent according to the manufacturerâ€™s protocol. The quality of the RNA samples was assessed using the Bio-Rad Experion RNA StdSens analysis kit.""","""biotin""","""Biotinylated, amplified cRNA was prepared from total RNA using the Illumina TotalPrep RNA Amplification Kit.""","""9606""","""The biotinylated cRNA was hybridized to the BeadChips per standard Illumina hybridization protocol.""","""The hybridized chips were stained and scanned using the Illumina HD BeadArray following the standard Illumina protocol.""","""Paired with normal adjacent tissue17794""","""Scanned image and bead-level data processing were performed using the Illumina BeadStudio software v3.2. The summarized data for each bead type were then processed, log2 transformed and normalized using Robust Spline Normalization (RSN) as implemented in the R-based lumi package.""","""GPL6883""","""Toshinori,,Hinoue""","""thinoue@usc.edu""","""323-442-7458""","""USC Epigenome Center""","""1450 Biggy Street, NRT G511""","""Los Angeles""","""CA""","""90033-9601""","""USA""","""ftp://ftp.ncbi.nlm.nih.gov/geo/samples/GSM615nnn/GSM615880/suppl/GSM615880.txt.gz""","""24526"""
"""Colorectal Adenocarinoma 17769""","""GSM615881""","""Public on Jun 03 2011""","""Nov 01 2010""","""Jun 03 2011""","""RNA""","""1""","""total RNA from colorectal adenocarcinoma 17769""","""Homo sapiens""","""tissue pair: normal adjacent tissue 17795""","""total RNA""","""Total RNA was isolated using the Trizol reagent according to the manufacturerâ€™s protocol. The quality of the RNA samples was assessed using the Bio-Rad Experion RNA StdSens analysis kit.""","""biotin""","""Biotinylated, amplified cRNA was prepared from total RNA using the Illumina TotalPrep RNA Amplification Kit.""","""9606""","""The biotinylated cRNA was hybridized to the BeadChips per standard Illumina hybridization protocol.""","""The hybridized chips were stained and scanned using the Illumina HD BeadArray following the standard Illumina protocol.""","""Paired with normal adjacent tissue17795""","""Scanned image and bead-level data processing were performed using the Illumina BeadStudio software v3.2. The summarized data for each bead type were then processed, log2 transformed and normalized using Robust Spline Normalization (RSN) as implemented in the R-based lumi package.""","""GPL6883""","""Toshinori,,Hinoue""","""thinoue@usc.edu""","""323-442-7458""","""USC Epigenome Center""","""1450 Biggy Street, NRT G511""","""Los Angeles""","""CA""","""90033-9601""","""USA""","""ftp://ftp.ncbi.nlm.nih.gov/geo/samples/GSM615nnn/GSM615881/suppl/GSM615881.txt.gz""","""24526"""
"""Colorectal Adenocarinoma 17770""","""GSM615882""","""Public on Jun 03 2011""","""Nov 01 2010""","""Jun 03 2011""","""RNA""","""1""","""total RNA from colorectal adenocarcinoma 17770""","""Homo sapiens""","""tissue pair: normal adjacent tissue 17796""","""total RNA""","""Total RNA was isolated using the Trizol reagent according to the manufacturerâ€™s protocol. The quality of the RNA samples was assessed using the Bio-Rad Experion RNA StdSens analysis kit.""","""biotin""","""Biotinylated, amplified cRNA was prepared from total RNA using the Illumina TotalPrep RNA Amplification Kit.""","""9606""","""The biotinylated cRNA was hybridized to the BeadChips per standard Illumina hybridization protocol.""","""The hybridized chips were stained and scanned using the Illumina HD BeadArray following the standard Illumina protocol.""","""Paired with normal adjacent tissue17796""","""Scanned image and bead-level data processing were performed using the Illumina BeadStudio software v3.2. The summarized data for each bead type were then processed, log2 transformed and normalized using Robust Spline Normalization (RSN) as implemented in the R-based lumi package.""","""GPL6883""","""Toshinori,,Hinoue""","""thinoue@usc.edu""","""323-442-7458""","""USC Epigenome Center""","""1450 Biggy Street, NRT G511""","""Los Angeles""","""CA""","""90033-9601""","""USA""","""ftp://ftp.ncbi.nlm.nih.gov/geo/samples/GSM615nnn/GSM615882/suppl/GSM615882.txt.gz""","""24526"""
"""Colorectal Adenocarinoma 17771""","""GSM615883""","""Public on Jun 03 2011""","""Nov 01 2010""","""Jun 03 2011""","""RNA""","""1""","""total RNA from colorectal adenocarcinoma 17771""","""Homo sapiens""","""tissue pair: normal adjacent tissue 17797""","""total RNA""","""Total RNA was isolated using the Trizol reagent according to the manufacturerâ€™s protocol. The quality of the RNA samples was assessed using the Bio-Rad Experion RNA StdSens analysis kit.""","""biotin""","""Biotinylated, amplified cRNA was prepared from total RNA using the Illumina TotalPrep RNA Amplification Kit.""","""9606""","""The biotinylated cRNA was hybridized to the BeadChips per standard Illumina hybridization protocol.""","""The hybridized chips were stained and scanned using the Illumina HD BeadArray following the standard Illumina protocol.""","""Paired with normal adjacent tissue17797""","""Scanned image and bead-level data processing were performed using the Illumina BeadStudio software v3.2. The summarized data for each bead type were then processed, log2 transformed and normalized using Robust Spline Normalization (RSN) as implemented in the R-based lumi package.""","""GPL6883""","""Toshinori,,Hinoue""","""thinoue@usc.edu""","""323-442-7458""","""USC Epigenome Center""","""1450 Biggy Street, NRT G511""","""Los Angeles""","""CA""","""90033-9601""","""USA""","""ftp://ftp.ncbi.nlm.nih.gov/geo/samples/GSM615nnn/GSM615883/suppl/GSM615883.txt.gz""","""24526"""
"""Colorectal Adenocarinoma 17772""","""GSM615884""","""Public on Jun 03 2011""","""Nov 01 2010""","""Jun 03 2011""","""RNA""","""1""","""total RNA from colorectal adenocarcinoma 17772""","""Homo sapiens""","""tissue pair: normal adjacent tissue 17798""","""total RNA""","""Total RNA was isolated using the Trizol reagent according to the manufacturerâ€™s protocol. The quality of the RNA samples was assessed using the Bio-Rad Experion RNA StdSens analysis kit.""","""biotin""","""Biotinylated, amplified cRNA was prepared from total RNA using the Illumina TotalPrep RNA Amplification Kit.""","""9606""","""The biotinylated cRNA was hybridized to the BeadChips per standard Illumina hybridization protocol.""","""The hybridized chips were stained and scanned using the Illumina HD BeadArray following the standard Illumina protocol.""","""Paired with normal adjacent tissue17798""","""Scanned image and bead-level data processing were performed using the Illumina BeadStudio software v3.2. The summarized data for each bead type were then processed, log2 transformed and normalized using Robust Spline Normalization (RSN) as implemented in the R-based lumi package.""","""GPL6883""","""Toshinori,,Hinoue""","""thinoue@usc.edu""","""323-442-7458""","""USC Epigenome Center""","""1450 Biggy Street, NRT G511""","""Los Angeles""","""CA""","""90033-9601""","""USA""","""ftp://ftp.ncbi.nlm.nih.gov/geo/samples/GSM615nnn/GSM615884/suppl/GSM615884.txt.gz""","""24526"""
"""Colorectal Adenocarinoma 17773""","""GSM615885""","""Public on Jun 03 2011""","""Nov 01 2010""","""Jun 03 2011""","""RNA""","""1""","""total RNA from colorectal adenocarcinoma 17773""","""Homo sapiens""","""tissue pair: normal adjacent tissue 17799""","""total RNA""","""Total RNA was isolated using the Trizol reagent according to the manufacturerâ€™s protocol. The quality of the RNA samples was assessed using the Bio-Rad Experion RNA StdSens analysis kit.""","""biotin""","""Biotinylated, amplified cRNA was prepared from total RNA using the Illumina TotalPrep RNA Amplification Kit.""","""9606""","""The biotinylated cRNA was hybridized to the BeadChips per standard Illumina hybridization protocol.""","""The hybridized chips were stained and scanned using the Illumina HD BeadArray following the standard Illumina protocol.""","""Paired with normal adjacent tissue17799""","""Scanned image and bead-level data processing were performed using the Illumina BeadStudio software v3.2. The summarized data for each bead type were then processed, log2 transformed and normalized using Robust Spline Normalization (RSN) as implemented in the R-based lumi package.""","""GPL6883""","""Toshinori,,Hinoue""","""thinoue@usc.edu""","""323-442-7458""","""USC Epigenome Center""","""1450 Biggy Street, NRT G511""","""Los Angeles""","""CA""","""90033-9601""","""USA""","""ftp://ftp.ncbi.nlm.nih.gov/geo/samples/GSM615nnn/GSM615885/suppl/GSM615885.txt.gz""","""24526"""
"""Colorectal Adenocarinoma 17774""","""GSM615886""","""Public on Jun 03 2011""","""Nov 01 2010""","""Jun 03 2011""","""RNA""","""1""","""total RNA from colorectal adenocarcinoma 17774""","""Homo sapiens""","""tissue pair: normal adjacent tissue 17800""","""total RNA""","""Total RNA was isolated using the Trizol reagent according to the manufacturerâ€™s protocol. The quality of the RNA samples was assessed using the Bio-Rad Experion RNA StdSens analysis kit.""","""biotin""","""Biotinylated, amplified cRNA was prepared from total RNA using the Illumina TotalPrep RNA Amplification Kit.""","""9606""","""The biotinylated cRNA was hybridized to the BeadChips per standard Illumina hybridization protocol.""","""The hybridized chips were stained and scanned using the Illumina HD BeadArray following the standard Illumina protocol.""","""Paired with normal adjacent tissue17800""","""Scanned image and bead-level data processing were performed using the Illumina BeadStudio software v3.2. The summarized data for each bead type were then processed, log2 transformed and normalized using Robust Spline Normalization (RSN) as implemented in the R-based lumi package.""","""GPL6883""","""Toshinori,,Hinoue""","""thinoue@usc.edu""","""323-442-7458""","""USC Epigenome Center""","""1450 Biggy Street, NRT G511""","""Los Angeles""","""CA""","""90033-9601""","""USA""","""ftp://ftp.ncbi.nlm.nih.gov/geo/samples/GSM615nnn/GSM615886/suppl/GSM615886.txt.gz""","""24526"""
"""Colorectal Adenocarinoma 17775""","""GSM615887""","""Public on Jun 03 2011""","""Nov 01 2010""","""Jun 03 2011""","""RNA""","""1""","""total RNA from colorectal adenocarcinoma 17775""","""Homo sapiens""","""tissue pair: normal adjacent tissue 17801""","""total RNA""","""Total RNA was isolated using the Trizol reagent according to the manufacturerâ€™s protocol. The quality of the RNA samples was assessed using the Bio-Rad Experion RNA StdSens analysis kit.""","""biotin""","""Biotinylated, amplified cRNA was prepared from total RNA using the Illumina TotalPrep RNA Amplification Kit.""","""9606""","""The biotinylated cRNA was hybridized to the BeadChips per standard Illumina hybridization protocol.""","""The hybridized chips were stained and scanned using the Illumina HD BeadArray following the standard Illumina protocol.""","""Paired with normal adjacent tissue17801""","""Scanned image and bead-level data processing were performed using the Illumina BeadStudio software v3.2. The summarized data for each bead type were then processed, log2 transformed and normalized using Robust Spline Normalization (RSN) as implemented in the R-based lumi package.""","""GPL6883""","""Toshinori,,Hinoue""","""thinoue@usc.edu""","""323-442-7458""","""USC Epigenome Center""","""1450 Biggy Street, NRT G511""","""Los Angeles""","""CA""","""90033-9601""","""USA""","""ftp://ftp.ncbi.nlm.nih.gov/geo/samples/GSM615nnn/GSM615887/suppl/GSM615887.txt.gz""","""24526"""
"""Colorectal Adenocarinoma 17776""","""GSM615888""","""Public on Jun 03 2011""","""Nov 01 2010""","""Jun 03 2011""","""RNA""","""1""","""total RNA from colorectal adenocarcinoma 17776""","""Homo sapiens""","""tissue pair: normal adjacent tissue 17802""","""total RNA""","""Total RNA was isolated using the Trizol reagent according to the manufacturerâ€™s protocol. The quality of the RNA samples was assessed using the Bio-Rad Experion RNA StdSens analysis kit.""","""biotin""","""Biotinylated, amplified cRNA was prepared from total RNA using the Illumina TotalPrep RNA Amplification Kit.""","""9606""","""The biotinylated cRNA was hybridized to the BeadChips per standard Illumina hybridization protocol.""","""The hybridized chips were stained and scanned using the Illumina HD BeadArray following the standard Illumina protocol.""","""Paired with normal adjacent tissue17802""","""Scanned image and bead-level data processing were performed using the Illumina BeadStudio software v3.2. The summarized data for each bead type were then processed, log2 transformed and normalized using Robust Spline Normalization (RSN) as implemented in the R-based lumi package.""","""GPL6883""","""Toshinori,,Hinoue""","""thinoue@usc.edu""","""323-442-7458""","""USC Epigenome Center""","""1450 Biggy Street, NRT G511""","""Los Angeles""","""CA""","""90033-9601""","""USA""","""ftp://ftp.ncbi.nlm.nih.gov/geo/samples/GSM615nnn/GSM615888/suppl/GSM615888.txt.gz""","""24526"""
"""Colorectal Adenocarinoma 17777""","""GSM615889""","""Public on Jun 03 2011""","""Nov 01 2010""","""Jun 03 2011""","""RNA""","""1""","""total RNA from colorectal adenocarcinoma 17777""","""Homo sapiens""","""tissue pair: normal adjacent tissue 17803""","""total RNA""","""Total RNA was isolated using the Trizol reagent according to the manufacturerâ€™s protocol. The quality of the RNA samples was assessed using the Bio-Rad Experion RNA StdSens analysis kit.""","""biotin""","""Biotinylated, amplified cRNA was prepared from total RNA using the Illumina TotalPrep RNA Amplification Kit.""","""9606""","""The biotinylated cRNA was hybridized to the BeadChips per standard Illumina hybridization protocol.""","""The hybridized chips were stained and scanned using the Illumina HD BeadArray following the standard Illumina protocol.""","""Paired with normal adjacent tissue17803""","""Scanned image and bead-level data processing were performed using the Illumina BeadStudio software v3.2. The summarized data for each bead type were then processed, log2 transformed and normalized using Robust Spline Normalization (RSN) as implemented in the R-based lumi package.""","""GPL6883""","""Toshinori,,Hinoue""","""thinoue@usc.edu""","""323-442-7458""","""USC Epigenome Center""","""1450 Biggy Street, NRT G511""","""Los Angeles""","""CA""","""90033-9601""","""USA""","""ftp://ftp.ncbi.nlm.nih.gov/geo/samples/GSM615nnn/GSM615889/suppl/GSM615889.txt.gz""","""24526"""
"""Colorectal Adenocarinoma 17778""","""GSM615890""","""Public on Jun 03 2011""","""Nov 01 2010""","""Jun 03 2011""","""RNA""","""1""","""total RNA from colorectal adenocarcinoma 17778""","""Homo sapiens""","""tissue pair: normal adjacent tissue 17804""","""total RNA""","""Total RNA was isolated using the Trizol reagent according to the manufacturerâ€™s protocol. The quality of the RNA samples was assessed using the Bio-Rad Experion RNA StdSens analysis kit.""","""biotin""","""Biotinylated, amplified cRNA was prepared from total RNA using the Illumina TotalPrep RNA Amplification Kit.""","""9606""","""The biotinylated cRNA was hybridized to the BeadChips per standard Illumina hybridization protocol.""","""The hybridized chips were stained and scanned using the Illumina HD BeadArray following the standard Illumina protocol.""","""Paired with normal adjacent tissue17804""","""Scanned image and bead-level data processing were performed using the Illumina BeadStudio software v3.2. The summarized data for each bead type were then processed, log2 transformed and normalized using Robust Spline Normalization (RSN) as implemented in the R-based lumi package.""","""GPL6883""","""Toshinori,,Hinoue""","""thinoue@usc.edu""","""323-442-7458""","""USC Epigenome Center""","""1450 Biggy Street, NRT G511""","""Los Angeles""","""CA""","""90033-9601""","""USA""","""ftp://ftp.ncbi.nlm.nih.gov/geo/samples/GSM615nnn/GSM615890/suppl/GSM615890.txt.gz""","""24526"""
"""Adjacent non-tumor colorectal tissue 17779""","""GSM615891""","""Public on Jun 03 2011""","""Nov 01 2010""","""Jun 03 2011""","""RNA""","""1""","""total RNA from adjacent non-tumor colorectal tissue 17779""","""Homo sapiens""","""""","""total RNA""","""Total RNA was isolated using the Trizol reagent according to the manufacturerâ€™s protocol. The quality of the RNA samples was assessed using the Bio-Rad Experion RNA StdSens analysis kit.""","""biotin""","""Biotinylated, amplified cRNA was prepared from total RNA using the Illumina TotalPrep RNA Amplification Kit.""","""9606""","""The biotinylated cRNA was hybridized to the BeadChips per standard Illumina hybridization protocol.""","""The hybridized chips were stained and scanned using the Illumina HD BeadArray following the standard Illumina protocol.""","""Paired with tumor 17753""","""Scanned image and bead-level data processing were performed using the Illumina BeadStudio software v3.2. The summarized data for each bead type were then processed, log2 transformed and normalized using Robust Spline Normalization (RSN) as implemented in the R-based lumi package.""","""GPL6883""","""Toshinori,,Hinoue""","""thinoue@usc.edu""","""323-442-7458""","""USC Epigenome Center""","""1450 Biggy Street, NRT G511""","""Los Angeles""","""CA""","""90033-9601""","""USA""","""ftp://ftp.ncbi.nlm.nih.gov/geo/samples/GSM615nnn/GSM615891/suppl/GSM615891.txt.gz""","""24526"""
"""Adjacent non-tumor colorectal tissue 17780""","""GSM615892""","""Public on Jun 03 2011""","""Nov 01 2010""","""Jun 03 2011""","""RNA""","""1""","""total RNA from adjacent non-tumor colorectal tissue 17780""","""Homo sapiens""","""""","""total RNA""","""Total RNA was isolated using the Trizol reagent according to the manufacturerâ€™s protocol. The quality of the RNA samples was assessed using the Bio-Rad Experion RNA StdSens analysis kit.""","""biotin""","""Biotinylated, amplified cRNA was prepared from total RNA using the Illumina TotalPrep RNA Amplification Kit.""","""9606""","""The biotinylated cRNA was hybridized to the BeadChips per standard Illumina hybridization protocol.""","""The hybridized chips were stained and scanned using the Illumina HD BeadArray following the standard Illumina protocol.""","""Paired with tumor 17754""","""Scanned image and bead-level data processing were performed using the Illumina BeadStudio software v3.2. The summarized data for each bead type were then processed, log2 transformed and normalized using Robust Spline Normalization (RSN) as implemented in the R-based lumi package.""","""GPL6883""","""Toshinori,,Hinoue""","""thinoue@usc.edu""","""323-442-7458""","""USC Epigenome Center""","""1450 Biggy Street, NRT G511""","""Los Angeles""","""CA""","""90033-9601""","""USA""","""ftp://ftp.ncbi.nlm.nih.gov/geo/samples/GSM615nnn/GSM615892/suppl/GSM615892.txt.gz""","""24526"""
"""Adjacent non-tumor colorectal tissue 17781""","""GSM615893""","""Public on Jun 03 2011""","""Nov 01 2010""","""Jun 03 2011""","""RNA""","""1""","""total RNA from adjacent non-tumor colorectal tissue 17781""","""Homo sapiens""","""""","""total RNA""","""Total RNA was isolated using the Trizol reagent according to the manufacturerâ€™s protocol. The quality of the RNA samples was assessed using the Bio-Rad Experion RNA StdSens analysis kit.""","""biotin""","""Biotinylated, amplified cRNA was prepared from total RNA using the Illumina TotalPrep RNA Amplification Kit.""","""9606""","""The biotinylated cRNA was hybridized to the BeadChips per standard Illumina hybridization protocol.""","""The hybridized chips were stained and scanned using the Illumina HD BeadArray following the standard Illumina protocol.""","""Paired with tumor 17755""","""Scanned image and bead-level data processing were performed using the Illumina BeadStudio software v3.2. The summarized data for each bead type were then processed, log2 transformed and normalized using Robust Spline Normalization (RSN) as implemented in the R-based lumi package.""","""GPL6883""","""Toshinori,,Hinoue""","""thinoue@usc.edu""","""323-442-7458""","""USC Epigenome Center""","""1450 Biggy Street, NRT G511""","""Los Angeles""","""CA""","""90033-9601""","""USA""","""ftp://ftp.ncbi.nlm.nih.gov/geo/samples/GSM615nnn/GSM615893/suppl/GSM615893.txt.gz""","""24526"""
"""Adjacent non-tumor colorectal tissue 17782""","""GSM615894""","""Public on Jun 03 2011""","""Nov 01 2010""","""Jun 03 2011""","""RNA""","""1""","""total RNA from adjacent non-tumor colorectal tissue 17782""","""Homo sapiens""","""""","""total RNA""","""Total RNA was isolated using the Trizol reagent according to the manufacturerâ€™s protocol. The quality of the RNA samples was assessed using the Bio-Rad Experion RNA StdSens analysis kit.""","""biotin""","""Biotinylated, amplified cRNA was prepared from total RNA using the Illumina TotalPrep RNA Amplification Kit.""","""9606""","""The biotinylated cRNA was hybridized to the BeadChips per standard Illumina hybridization protocol.""","""The hybridized chips were stained and scanned using the Illumina HD BeadArray following the standard Illumina protocol.""","""Paired with tumor 17756""","""Scanned image and bead-level data processing were performed using the Illumina BeadStudio software v3.2. The summarized data for each bead type were then processed, log2 transformed and normalized using Robust Spline Normalization (RSN) as implemented in the R-based lumi package.""","""GPL6883""","""Toshinori,,Hinoue""","""thinoue@usc.edu""","""323-442-7458""","""USC Epigenome Center""","""1450 Biggy Street, NRT G511""","""Los Angeles""","""CA""","""90033-9601""","""USA""","""ftp://ftp.ncbi.nlm.nih.gov/geo/samples/GSM615nnn/GSM615894/suppl/GSM615894.txt.gz""","""24526"""
"""Adjacent non-tumor colorectal tissue 17783""","""GSM615895""","""Public on Jun 03 2011""","""Nov 01 2010""","""Jun 03 2011""","""RNA""","""1""","""total RNA from adjacent non-tumor colorectal tissue 17783""","""Homo sapiens""","""""","""total RNA""","""Total RNA was isolated using the Trizol reagent according to the manufacturerâ€™s protocol. The quality of the RNA samples was assessed using the Bio-Rad Experion RNA StdSens analysis kit.""","""biotin""","""Biotinylated, amplified cRNA was prepared from total RNA using the Illumina TotalPrep RNA Amplification Kit.""","""9606""","""The biotinylated cRNA was hybridized to the BeadChips per standard Illumina hybridization protocol.""","""The hybridized chips were stained and scanned using the Illumina HD BeadArray following the standard Illumina protocol.""","""Paired with tumor 17757""","""Scanned image and bead-level data processing were performed using the Illumina BeadStudio software v3.2. The summarized data for each bead type were then processed, log2 transformed and normalized using Robust Spline Normalization (RSN) as implemented in the R-based lumi package.""","""GPL6883""","""Toshinori,,Hinoue""","""thinoue@usc.edu""","""323-442-7458""","""USC Epigenome Center""","""1450 Biggy Street, NRT G511""","""Los Angeles""","""CA""","""90033-9601""","""USA""","""ftp://ftp.ncbi.nlm.nih.gov/geo/samples/GSM615nnn/GSM615895/suppl/GSM615895.txt.gz""","""24526"""
"""Adjacent non-tumor colorectal tissue 17784""","""GSM615896""","""Public on Jun 03 2011""","""Nov 01 2010""","""Jun 03 2011""","""RNA""","""1""","""total RNA from adjacent non-tumor colorectal tissue 17784""","""Homo sapiens""","""""","""total RNA""","""Total RNA was isolated using the Trizol reagent according to the manufacturerâ€™s protocol. The quality of the RNA samples was assessed using the Bio-Rad Experion RNA StdSens analysis kit.""","""biotin""","""Biotinylated, amplified cRNA was prepared from total RNA using the Illumina TotalPrep RNA Amplification Kit.""","""9606""","""The biotinylated cRNA was hybridized to the BeadChips per standard Illumina hybridization protocol.""","""The hybridized chips were stained and scanned using the Illumina HD BeadArray following the standard Illumina protocol.""","""Paired with tumor 17758""","""Scanned image and bead-level data processing were performed using the Illumina BeadStudio software v3.2. The summarized data for each bead type were then processed, log2 transformed and normalized using Robust Spline Normalization (RSN) as implemented in the R-based lumi package.""","""GPL6883""","""Toshinori,,Hinoue""","""thinoue@usc.edu""","""323-442-7458""","""USC Epigenome Center""","""1450 Biggy Street, NRT G511""","""Los Angeles""","""CA""","""90033-9601""","""USA""","""ftp://ftp.ncbi.nlm.nih.gov/geo/samples/GSM615nnn/GSM615896/suppl/GSM615896.txt.gz""","""24526"""
"""Adjacent non-tumor colorectal tissue 17785""","""GSM615897""","""Public on Jun 03 2011""","""Nov 01 2010""","""Jun 03 2011""","""RNA""","""1""","""total RNA from adjacent non-tumor colorectal tissue 17785""","""Homo sapiens""","""""","""total RNA""","""Total RNA was isolated using the Trizol reagent according to the manufacturerâ€™s protocol. The quality of the RNA samples was assessed using the Bio-Rad Experion RNA StdSens analysis kit.""","""biotin""","""Biotinylated, amplified cRNA was prepared from total RNA using the Illumina TotalPrep RNA Amplification Kit.""","""9606""","""The biotinylated cRNA was hybridized to the BeadChips per standard Illumina hybridization protocol.""","""The hybridized chips were stained and scanned using the Illumina HD BeadArray following the standard Illumina protocol.""","""Paired with tumor 17759""","""Scanned image and bead-level data processing were performed using the Illumina BeadStudio software v3.2. The summarized data for each bead type were then processed, log2 transformed and normalized using Robust Spline Normalization (RSN) as implemented in the R-based lumi package.""","""GPL6883""","""Toshinori,,Hinoue""","""thinoue@usc.edu""","""323-442-7458""","""USC Epigenome Center""","""1450 Biggy Street, NRT G511""","""Los Angeles""","""CA""","""90033-9601""","""USA""","""ftp://ftp.ncbi.nlm.nih.gov/geo/samples/GSM615nnn/GSM615897/suppl/GSM615897.txt.gz""","""24526"""
"""Adjacent non-tumor colorectal tissue 17786""","""GSM615898""","""Public on Jun 03 2011""","""Nov 01 2010""","""Jun 03 2011""","""RNA""","""1""","""total RNA from adjacent non-tumor colorectal tissue 17786""","""Homo sapiens""","""""","""total RNA""","""Total RNA was isolated using the Trizol reagent according to the manufacturerâ€™s protocol. The quality of the RNA samples was assessed using the Bio-Rad Experion RNA StdSens analysis kit.""","""biotin""","""Biotinylated, amplified cRNA was prepared from total RNA using the Illumina TotalPrep RNA Amplification Kit.""","""9606""","""The biotinylated cRNA was hybridized to the BeadChips per standard Illumina hybridization protocol.""","""The hybridized chips were stained and scanned using the Illumina HD BeadArray following the standard Illumina protocol.""","""Paired with tumor 17760""","""Scanned image and bead-level data processing were performed using the Illumina BeadStudio software v3.2. The summarized data for each bead type were then processed, log2 transformed and normalized using Robust Spline Normalization (RSN) as implemented in the R-based lumi package.""","""GPL6883""","""Toshinori,,Hinoue""","""thinoue@usc.edu""","""323-442-7458""","""USC Epigenome Center""","""1450 Biggy Street, NRT G511""","""Los Angeles""","""CA""","""90033-9601""","""USA""","""ftp://ftp.ncbi.nlm.nih.gov/geo/samples/GSM615nnn/GSM615898/suppl/GSM615898.txt.gz""","""24526"""
"""Adjacent non-tumor colorectal tissue 17787""","""GSM615899""","""Public on Jun 03 2011""","""Nov 01 2010""","""Jun 03 2011""","""RNA""","""1""","""total RNA from adjacent non-tumor colorectal tissue 17787""","""Homo sapiens""","""""","""total RNA""","""Total RNA was isolated using the Trizol reagent according to the manufacturerâ€™s protocol. The quality of the RNA samples was assessed using the Bio-Rad Experion RNA StdSens analysis kit.""","""biotin""","""Biotinylated, amplified cRNA was prepared from total RNA using the Illumina TotalPrep RNA Amplification Kit.""","""9606""","""The biotinylated cRNA was hybridized to the BeadChips per standard Illumina hybridization protocol.""","""The hybridized chips were stained and scanned using the Illumina HD BeadArray following the standard Illumina protocol.""","""Paired with tumor 17761""","""Scanned image and bead-level data processing were performed using the Illumina BeadStudio software v3.2. The summarized data for each bead type were then processed, log2 transformed and normalized using Robust Spline Normalization (RSN) as implemented in the R-based lumi package.""","""GPL6883""","""Toshinori,,Hinoue""","""thinoue@usc.edu""","""323-442-7458""","""USC Epigenome Center""","""1450 Biggy Street, NRT G511""","""Los Angeles""","""CA""","""90033-9601""","""USA""","""ftp://ftp.ncbi.nlm.nih.gov/geo/samples/GSM615nnn/GSM615899/suppl/GSM615899.txt.gz""","""24526"""
"""Adjacent non-tumor colorectal tissue 17788""","""GSM615900""","""Public on Jun 03 2011""","""Nov 01 2010""","""Jun 03 2011""","""RNA""","""1""","""total RNA from adjacent non-tumor colorectal tissue 17788""","""Homo sapiens""","""""","""total RNA""","""Total RNA was isolated using the Trizol reagent according to the manufacturerâ€™s protocol. The quality of the RNA samples was assessed using the Bio-Rad Experion RNA StdSens analysis kit.""","""biotin""","""Biotinylated, amplified cRNA was prepared from total RNA using the Illumina TotalPrep RNA Amplification Kit.""","""9606""","""The biotinylated cRNA was hybridized to the BeadChips per standard Illumina hybridization protocol.""","""The hybridized chips were stained and scanned using the Illumina HD BeadArray following the standard Illumina protocol.""","""Paired with tumor 17762""","""Scanned image and bead-level data processing were performed using the Illumina BeadStudio software v3.2. The summarized data for each bead type were then processed, log2 transformed and normalized using Robust Spline Normalization (RSN) as implemented in the R-based lumi package.""","""GPL6883""","""Toshinori,,Hinoue""","""thinoue@usc.edu""","""323-442-7458""","""USC Epigenome Center""","""1450 Biggy Street, NRT G511""","""Los Angeles""","""CA""","""90033-9601""","""USA""","""ftp://ftp.ncbi.nlm.nih.gov/geo/samples/GSM615nnn/GSM615900/suppl/GSM615900.txt.gz""","""24526"""
"""Adjacent non-tumor colorectal tissue 17789""","""GSM615901""","""Public on Jun 03 2011""","""Nov 01 2010""","""Jun 03 2011""","""RNA""","""1""","""total RNA from adjacent non-tumor colorectal tissue 17789""","""Homo sapiens""","""""","""total RNA""","""Total RNA was isolated using the Trizol reagent according to the manufacturerâ€™s protocol. The quality of the RNA samples was assessed using the Bio-Rad Experion RNA StdSens analysis kit.""","""biotin""","""Biotinylated, amplified cRNA was prepared from total RNA using the Illumina TotalPrep RNA Amplification Kit.""","""9606""","""The biotinylated cRNA was hybridized to the BeadChips per standard Illumina hybridization protocol.""","""The hybridized chips were stained and scanned using the Illumina HD BeadArray following the standard Illumina protocol.""","""Paired with tumor 17763""","""Scanned image and bead-level data processing were performed using the Illumina BeadStudio software v3.2. The summarized data for each bead type were then processed, log2 transformed and normalized using Robust Spline Normalization (RSN) as implemented in the R-based lumi package.""","""GPL6883""","""Toshinori,,Hinoue""","""thinoue@usc.edu""","""323-442-7458""","""USC Epigenome Center""","""1450 Biggy Street, NRT G511""","""Los Angeles""","""CA""","""90033-9601""","""USA""","""ftp://ftp.ncbi.nlm.nih.gov/geo/samples/GSM615nnn/GSM615901/suppl/GSM615901.txt.gz""","""24526"""
"""Adjacent non-tumor colorectal tissue 17790""","""GSM615902""","""Public on Jun 03 2011""","""Nov 01 2010""","""Jun 03 2011""","""RNA""","""1""","""total RNA from adjacent non-tumor colorectal tissue 17790""","""Homo sapiens""","""""","""total RNA""","""Total RNA was isolated using the Trizol reagent according to the manufacturerâ€™s protocol. The quality of the RNA samples was assessed using the Bio-Rad Experion RNA StdSens analysis kit.""","""biotin""","""Biotinylated, amplified cRNA was prepared from total RNA using the Illumina TotalPrep RNA Amplification Kit.""","""9606""","""The biotinylated cRNA was hybridized to the BeadChips per standard Illumina hybridization protocol.""","""The hybridized chips were stained and scanned using the Illumina HD BeadArray following the standard Illumina protocol.""","""Paired with tumor 17764""","""Scanned image and bead-level data processing were performed using the Illumina BeadStudio software v3.2. The summarized data for each bead type were then processed, log2 transformed and normalized using Robust Spline Normalization (RSN) as implemented in the R-based lumi package.""","""GPL6883""","""Toshinori,,Hinoue""","""thinoue@usc.edu""","""323-442-7458""","""USC Epigenome Center""","""1450 Biggy Street, NRT G511""","""Los Angeles""","""CA""","""90033-9601""","""USA""","""ftp://ftp.ncbi.nlm.nih.gov/geo/samples/GSM615nnn/GSM615902/suppl/GSM615902.txt.gz""","""24526"""
"""Adjacent non-tumor colorectal tissue 17791""","""GSM615903""","""Public on Jun 03 2011""","""Nov 01 2010""","""Jun 03 2011""","""RNA""","""1""","""total RNA from adjacent non-tumor colorectal tissue 17791""","""Homo sapiens""","""""","""total RNA""","""Total RNA was isolated using the Trizol reagent according to the manufacturerâ€™s protocol. The quality of the RNA samples was assessed using the Bio-Rad Experion RNA StdSens analysis kit.""","""biotin""","""Biotinylated, amplified cRNA was prepared from total RNA using the Illumina TotalPrep RNA Amplification Kit.""","""9606""","""The biotinylated cRNA was hybridized to the BeadChips per standard Illumina hybridization protocol.""","""The hybridized chips were stained and scanned using the Illumina HD BeadArray following the standard Illumina protocol.""","""Paired with tumor 17765""","""Scanned image and bead-level data processing were performed using the Illumina BeadStudio software v3.2. The summarized data for each bead type were then processed, log2 transformed and normalized using Robust Spline Normalization (RSN) as implemented in the R-based lumi package.""","""GPL6883""","""Toshinori,,Hinoue""","""thinoue@usc.edu""","""323-442-7458""","""USC Epigenome Center""","""1450 Biggy Street, NRT G511""","""Los Angeles""","""CA""","""90033-9601""","""USA""","""ftp://ftp.ncbi.nlm.nih.gov/geo/samples/GSM615nnn/GSM615903/suppl/GSM615903.txt.gz""","""24526"""
"""Adjacent non-tumor colorectal tissue 17792""","""GSM615904""","""Public on Jun 03 2011""","""Nov 01 2010""","""Jun 03 2011""","""RNA""","""1""","""total RNA from adjacent non-tumor colorectal tissue 17792""","""Homo sapiens""","""""","""total RNA""","""Total RNA was isolated using the Trizol reagent according to the manufacturerâ€™s protocol. The quality of the RNA samples was assessed using the Bio-Rad Experion RNA StdSens analysis kit.""","""biotin""","""Biotinylated, amplified cRNA was prepared from total RNA using the Illumina TotalPrep RNA Amplification Kit.""","""9606""","""The biotinylated cRNA was hybridized to the BeadChips per standard Illumina hybridization protocol.""","""The hybridized chips were stained and scanned using the Illumina HD BeadArray following the standard Illumina protocol.""","""Paired with tumor 17766""","""Scanned image and bead-level data processing were performed using the Illumina BeadStudio software v3.2. The summarized data for each bead type were then processed, log2 transformed and normalized using Robust Spline Normalization (RSN) as implemented in the R-based lumi package.""","""GPL6883""","""Toshinori,,Hinoue""","""thinoue@usc.edu""","""323-442-7458""","""USC Epigenome Center""","""1450 Biggy Street, NRT G511""","""Los Angeles""","""CA""","""90033-9601""","""USA""","""ftp://ftp.ncbi.nlm.nih.gov/geo/samples/GSM615nnn/GSM615904/suppl/GSM615904.txt.gz""","""24526"""
"""Adjacent non-tumor colorectal tissue 17793""","""GSM615905""","""Public on Jun 03 2011""","""Nov 01 2010""","""Jun 03 2011""","""RNA""","""1""","""total RNA from adjacent non-tumor colorectal tissue 17793""","""Homo sapiens""","""""","""total RNA""","""Total RNA was isolated using the Trizol reagent according to the manufacturerâ€™s protocol. The quality of the RNA samples was assessed using the Bio-Rad Experion RNA StdSens analysis kit.""","""biotin""","""Biotinylated, amplified cRNA was prepared from total RNA using the Illumina TotalPrep RNA Amplification Kit.""","""9606""","""The biotinylated cRNA was hybridized to the BeadChips per standard Illumina hybridization protocol.""","""The hybridized chips were stained and scanned using the Illumina HD BeadArray following the standard Illumina protocol.""","""Paired with tumor 17767""","""Scanned image and bead-level data processing were performed using the Illumina BeadStudio software v3.2. The summarized data for each bead type were then processed, log2 transformed and normalized using Robust Spline Normalization (RSN) as implemented in the R-based lumi package.""","""GPL6883""","""Toshinori,,Hinoue""","""thinoue@usc.edu""","""323-442-7458""","""USC Epigenome Center""","""1450 Biggy Street, NRT G511""","""Los Angeles""","""CA""","""90033-9601""","""USA""","""ftp://ftp.ncbi.nlm.nih.gov/geo/samples/GSM615nnn/GSM615905/suppl/GSM615905.txt.gz""","""24526"""
"""Adjacent non-tumor colorectal tissue 17794""","""GSM615906""","""Public on Jun 03 2011""","""Nov 01 2010""","""Jun 03 2011""","""RNA""","""1""","""total RNA from adjacent non-tumor colorectal tissue 17794""","""Homo sapiens""","""""","""total RNA""","""Total RNA was isolated using the Trizol reagent according to the manufacturerâ€™s protocol. The quality of the RNA samples was assessed using the Bio-Rad Experion RNA StdSens analysis kit.""","""biotin""","""Biotinylated, amplified cRNA was prepared from total RNA using the Illumina TotalPrep RNA Amplification Kit.""","""9606""","""The biotinylated cRNA was hybridized to the BeadChips per standard Illumina hybridization protocol.""","""The hybridized chips were stained and scanned using the Illumina HD BeadArray following the standard Illumina protocol.""","""Paired with tumor 17768""","""Scanned image and bead-level data processing were performed using the Illumina BeadStudio software v3.2. The summarized data for each bead type were then processed, log2 transformed and normalized using Robust Spline Normalization (RSN) as implemented in the R-based lumi package.""","""GPL6883""","""Toshinori,,Hinoue""","""thinoue@usc.edu""","""323-442-7458""","""USC Epigenome Center""","""1450 Biggy Street, NRT G511""","""Los Angeles""","""CA""","""90033-9601""","""USA""","""ftp://ftp.ncbi.nlm.nih.gov/geo/samples/GSM615nnn/GSM615906/suppl/GSM615906.txt.gz""","""24526"""
"""Adjacent non-tumor colorectal tissue 17795""","""GSM615907""","""Public on Jun 03 2011""","""Nov 01 2010""","""Jun 03 2011""","""RNA""","""1""","""total RNA from adjacent non-tumor colorectal tissue 17795""","""Homo sapiens""","""""","""total RNA""","""Total RNA was isolated using the Trizol reagent according to the manufacturerâ€™s protocol. The quality of the RNA samples was assessed using the Bio-Rad Experion RNA StdSens analysis kit.""","""biotin""","""Biotinylated, amplified cRNA was prepared from total RNA using the Illumina TotalPrep RNA Amplification Kit.""","""9606""","""The biotinylated cRNA was hybridized to the BeadChips per standard Illumina hybridization protocol.""","""The hybridized chips were stained and scanned using the Illumina HD BeadArray following the standard Illumina protocol.""","""Paired with tumor 17769""","""Scanned image and bead-level data processing were performed using the Illumina BeadStudio software v3.2. The summarized data for each bead type were then processed, log2 transformed and normalized using Robust Spline Normalization (RSN) as implemented in the R-based lumi package.""","""GPL6883""","""Toshinori,,Hinoue""","""thinoue@usc.edu""","""323-442-7458""","""USC Epigenome Center""","""1450 Biggy Street, NRT G511""","""Los Angeles""","""CA""","""90033-9601""","""USA""","""ftp://ftp.ncbi.nlm.nih.gov/geo/samples/GSM615nnn/GSM615907/suppl/GSM615907.txt.gz""","""24526"""
"""Adjacent non-tumor colorectal tissue 17796""","""GSM615908""","""Public on Jun 03 2011""","""Nov 01 2010""","""Jun 03 2011""","""RNA""","""1""","""total RNA from adjacent non-tumor colorectal tissue 17796""","""Homo sapiens""","""""","""total RNA""","""Total RNA was isolated using the Trizol reagent according to the manufacturerâ€™s protocol. The quality of the RNA samples was assessed using the Bio-Rad Experion RNA StdSens analysis kit.""","""biotin""","""Biotinylated, amplified cRNA was prepared from total RNA using the Illumina TotalPrep RNA Amplification Kit.""","""9606""","""The biotinylated cRNA was hybridized to the BeadChips per standard Illumina hybridization protocol.""","""The hybridized chips were stained and scanned using the Illumina HD BeadArray following the standard Illumina protocol.""","""Paired with tumor 17770""","""Scanned image and bead-level data processing were performed using the Illumina BeadStudio software v3.2. The summarized data for each bead type were then processed, log2 transformed and normalized using Robust Spline Normalization (RSN) as implemented in the R-based lumi package.""","""GPL6883""","""Toshinori,,Hinoue""","""thinoue@usc.edu""","""323-442-7458""","""USC Epigenome Center""","""1450 Biggy Street, NRT G511""","""Los Angeles""","""CA""","""90033-9601""","""USA""","""ftp://ftp.ncbi.nlm.nih.gov/geo/samples/GSM615nnn/GSM615908/suppl/GSM615908.txt.gz""","""24526"""
"""Adjacent non-tumor colorectal tissue 17797""","""GSM615909""","""Public on Jun 03 2011""","""Nov 01 2010""","""Jun 03 2011""","""RNA""","""1""","""total RNA from adjacent non-tumor colorectal tissue 17797""","""Homo sapiens""","""""","""total RNA""","""Total RNA was isolated using the Trizol reagent according to the manufacturerâ€™s protocol. The quality of the RNA samples was assessed using the Bio-Rad Experion RNA StdSens analysis kit.""","""biotin""","""Biotinylated, amplified cRNA was prepared from total RNA using the Illumina TotalPrep RNA Amplification Kit.""","""9606""","""The biotinylated cRNA was hybridized to the BeadChips per standard Illumina hybridization protocol.""","""The hybridized chips were stained and scanned using the Illumina HD BeadArray following the standard Illumina protocol.""","""Paired with tumor 17771""","""Scanned image and bead-level data processing were performed using the Illumina BeadStudio software v3.2. The summarized data for each bead type were then processed, log2 transformed and normalized using Robust Spline Normalization (RSN) as implemented in the R-based lumi package.""","""GPL6883""","""Toshinori,,Hinoue""","""thinoue@usc.edu""","""323-442-7458""","""USC Epigenome Center""","""1450 Biggy Street, NRT G511""","""Los Angeles""","""CA""","""90033-9601""","""USA""","""ftp://ftp.ncbi.nlm.nih.gov/geo/samples/GSM615nnn/GSM615909/suppl/GSM615909.txt.gz""","""24526"""
"""Adjacent non-tumor colorectal tissue 17798""","""GSM615910""","""Public on Jun 03 2011""","""Nov 01 2010""","""Jun 03 2011""","""RNA""","""1""","""total RNA from adjacent non-tumor colorectal tissue 17798""","""Homo sapiens""","""""","""total RNA""","""Total RNA was isolated using the Trizol reagent according to the manufacturerâ€™s protocol. The quality of the RNA samples was assessed using the Bio-Rad Experion RNA StdSens analysis kit.""","""biotin""","""Biotinylated, amplified cRNA was prepared from total RNA using the Illumina TotalPrep RNA Amplification Kit.""","""9606""","""The biotinylated cRNA was hybridized to the BeadChips per standard Illumina hybridization protocol.""","""The hybridized chips were stained and scanned using the Illumina HD BeadArray following the standard Illumina protocol.""","""Paired with tumor 17772""","""Scanned image and bead-level data processing were performed using the Illumina BeadStudio software v3.2. The summarized data for each bead type were then processed, log2 transformed and normalized using Robust Spline Normalization (RSN) as implemented in the R-based lumi package.""","""GPL6883""","""Toshinori,,Hinoue""","""thinoue@usc.edu""","""323-442-7458""","""USC Epigenome Center""","""1450 Biggy Street, NRT G511""","""Los Angeles""","""CA""","""90033-9601""","""USA""","""ftp://ftp.ncbi.nlm.nih.gov/geo/samples/GSM615nnn/GSM615910/suppl/GSM615910.txt.gz""","""24526"""
"""Adjacent non-tumor colorectal tissue 17799""","""GSM615911""","""Public on Jun 03 2011""","""Nov 01 2010""","""Jun 03 2011""","""RNA""","""1""","""total RNA from adjacent non-tumor colorectal tissue 17799""","""Homo sapiens""","""""","""total RNA""","""Total RNA was isolated using the Trizol reagent according to the manufacturerâ€™s protocol. The quality of the RNA samples was assessed using the Bio-Rad Experion RNA StdSens analysis kit.""","""biotin""","""Biotinylated, amplified cRNA was prepared from total RNA using the Illumina TotalPrep RNA Amplification Kit.""","""9606""","""The biotinylated cRNA was hybridized to the BeadChips per standard Illumina hybridization protocol.""","""The hybridized chips were stained and scanned using the Illumina HD BeadArray following the standard Illumina protocol.""","""Paired with tumor 17773""","""Scanned image and bead-level data processing were performed using the Illumina BeadStudio software v3.2. The summarized data for each bead type were then processed, log2 transformed and normalized using Robust Spline Normalization (RSN) as implemented in the R-based lumi package.""","""GPL6883""","""Toshinori,,Hinoue""","""thinoue@usc.edu""","""323-442-7458""","""USC Epigenome Center""","""1450 Biggy Street, NRT G511""","""Los Angeles""","""CA""","""90033-9601""","""USA""","""ftp://ftp.ncbi.nlm.nih.gov/geo/samples/GSM615nnn/GSM615911/suppl/GSM615911.txt.gz""","""24526"""
"""Adjacent non-tumor colorectal tissue 17800""","""GSM615912""","""Public on Jun 03 2011""","""Nov 01 2010""","""Jun 03 2011""","""RNA""","""1""","""total RNA from adjacent non-tumor colorectal tissue 17800""","""Homo sapiens""","""""","""total RNA""","""Total RNA was isolated using the Trizol reagent according to the manufacturerâ€™s protocol. The quality of the RNA samples was assessed using the Bio-Rad Experion RNA StdSens analysis kit.""","""biotin""","""Biotinylated, amplified cRNA was prepared from total RNA using the Illumina TotalPrep RNA Amplification Kit.""","""9606""","""The biotinylated cRNA was hybridized to the BeadChips per standard Illumina hybridization protocol.""","""The hybridized chips were stained and scanned using the Illumina HD BeadArray following the standard Illumina protocol.""","""Paired with tumor 17774""","""Scanned image and bead-level data processing were performed using the Illumina BeadStudio software v3.2. The summarized data for each bead type were then processed, log2 transformed and normalized using Robust Spline Normalization (RSN) as implemented in the R-based lumi package.""","""GPL6883""","""Toshinori,,Hinoue""","""thinoue@usc.edu""","""323-442-7458""","""USC Epigenome Center""","""1450 Biggy Street, NRT G511""","""Los Angeles""","""CA""","""90033-9601""","""USA""","""ftp://ftp.ncbi.nlm.nih.gov/geo/samples/GSM615nnn/GSM615912/suppl/GSM615912.txt.gz""","""24526"""
"""Adjacent non-tumor colorectal tissue 17801""","""GSM615913""","""Public on Jun 03 2011""","""Nov 01 2010""","""Jun 03 2011""","""RNA""","""1""","""total RNA from adjacent non-tumor colorectal tissue 17801""","""Homo sapiens""","""""","""total RNA""","""Total RNA was isolated using the Trizol reagent according to the manufacturerâ€™s protocol. The quality of the RNA samples was assessed using the Bio-Rad Experion RNA StdSens analysis kit.""","""biotin""","""Biotinylated, amplified cRNA was prepared from total RNA using the Illumina TotalPrep RNA Amplification Kit.""","""9606""","""The biotinylated cRNA was hybridized to the BeadChips per standard Illumina hybridization protocol.""","""The hybridized chips were stained and scanned using the Illumina HD BeadArray following the standard Illumina protocol.""","""Paired with tumor 17775""","""Scanned image and bead-level data processing were performed using the Illumina BeadStudio software v3.2. The summarized data for each bead type were then processed, log2 transformed and normalized using Robust Spline Normalization (RSN) as implemented in the R-based lumi package.""","""GPL6883""","""Toshinori,,Hinoue""","""thinoue@usc.edu""","""323-442-7458""","""USC Epigenome Center""","""1450 Biggy Street, NRT G511""","""Los Angeles""","""CA""","""90033-9601""","""USA""","""ftp://ftp.ncbi.nlm.nih.gov/geo/samples/GSM615nnn/GSM615913/suppl/GSM615913.txt.gz""","""24526"""
"""Adjacent non-tumor colorectal tissue 17802""","""GSM615914""","""Public on Jun 03 2011""","""Nov 01 2010""","""Jun 03 2011""","""RNA""","""1""","""total RNA from adjacent non-tumor colorectal tissue 17802""","""Homo sapiens""","""""","""total RNA""","""Total RNA was isolated using the Trizol reagent according to the manufacturerâ€™s protocol. The quality of the RNA samples was assessed using the Bio-Rad Experion RNA StdSens analysis kit.""","""biotin""","""Biotinylated, amplified cRNA was prepared from total RNA using the Illumina TotalPrep RNA Amplification Kit.""","""9606""","""The biotinylated cRNA was hybridized to the BeadChips per standard Illumina hybridization protocol.""","""The hybridized chips were stained and scanned using the Illumina HD BeadArray following the standard Illumina protocol.""","""Paired with tumor 17776""","""Scanned image and bead-level data processing were performed using the Illumina BeadStudio software v3.2. The summarized data for each bead type were then processed, log2 transformed and normalized using Robust Spline Normalization (RSN) as implemented in the R-based lumi package.""","""GPL6883""","""Toshinori,,Hinoue""","""thinoue@usc.edu""","""323-442-7458""","""USC Epigenome Center""","""1450 Biggy Street, NRT G511""","""Los Angeles""","""CA""","""90033-9601""","""USA""","""ftp://ftp.ncbi.nlm.nih.gov/geo/samples/GSM615nnn/GSM615914/suppl/GSM615914.txt.gz""","""24526"""
"""Adjacent non-tumor colorectal tissue 17803""","""GSM615915""","""Public on Jun 03 2011""","""Nov 01 2010""","""Jun 03 2011""","""RNA""","""1""","""total RNA from adjacent non-tumor colorectal tissue 17803""","""Homo sapiens""","""""","""total RNA""","""Total RNA was isolated using the Trizol reagent according to the manufacturerâ€™s protocol. The quality of the RNA samples was assessed using the Bio-Rad Experion RNA StdSens analysis kit.""","""biotin""","""Biotinylated, amplified cRNA was prepared from total RNA using the Illumina TotalPrep RNA Amplification Kit.""","""9606""","""The biotinylated cRNA was hybridized to the BeadChips per standard Illumina hybridization protocol.""","""The hybridized chips were stained and scanned using the Illumina HD BeadArray following the standard Illumina protocol.""","""Paired with tumor 17777""","""Scanned image and bead-level data processing were performed using the Illumina BeadStudio software v3.2. The summarized data for each bead type were then processed, log2 transformed and normalized using Robust Spline Normalization (RSN) as implemented in the R-based lumi package.""","""GPL6883""","""Toshinori,,Hinoue""","""thinoue@usc.edu""","""323-442-7458""","""USC Epigenome Center""","""1450 Biggy Street, NRT G511""","""Los Angeles""","""CA""","""90033-9601""","""USA""","""ftp://ftp.ncbi.nlm.nih.gov/geo/samples/GSM615nnn/GSM615915/suppl/GSM615915.txt.gz""","""24526"""
"""Adjacent non-tumor colorectal tissue 17804""","""GSM615916""","""Public on Jun 03 2011""","""Nov 01 2010""","""Jun 03 2011""","""RNA""","""1""","""total RNA from adjacent non-tumor colorectal tissue 17804""","""Homo sapiens""","""""","""total RNA""","""Total RNA was isolated using the Trizol reagent according to the manufacturerâ€™s protocol. The quality of the RNA samples was assessed using the Bio-Rad Experion RNA StdSens analysis kit.""","""biotin""","""Biotinylated, amplified cRNA was prepared from total RNA using the Illumina TotalPrep RNA Amplification Kit.""","""9606""","""The biotinylated cRNA was hybridized to the BeadChips per standard Illumina hybridization protocol.""","""The hybridized chips were stained and scanned using the Illumina HD BeadArray following the standard Illumina protocol.""","""Paired with tumor 17778""","""Scanned image and bead-level data processing were performed using the Illumina BeadStudio software v3.2. The summarized data for each bead type were then processed, log2 transformed and normalized using Robust Spline Normalization (RSN) as implemented in the R-based lumi package.""","""GPL6883""","""Toshinori,,Hinoue""","""thinoue@usc.edu""","""323-442-7458""","""USC Epigenome Center""","""1450 Biggy Street, NRT G511""","""Los Angeles""","""CA""","""90033-9601""","""USA""","""ftp://ftp.ncbi.nlm.nih.gov/geo/samples/GSM615nnn/GSM615916/suppl/GSM615916.txt.gz""","""24526"""
