geo_accession,source_name_ch1
GSM215051,Healthy
GSM215052,Healthy
GSM215053,Healthy
GSM215054,Healthy
GSM215055,Healthy
GSM215056,Healthy
GSM215057,Healthy
GSM215058,Healthy
GSM215059,Healthy
GSM215060,Healthy
GSM215061,Healthy
GSM215062,Healthy
GSM215063,Healthy
GSM215064,Healthy
GSM215065,Healthy
GSM215066,Healthy
GSM215067,Healthy
GSM215068,Healthy
GSM215069,Healthy
GSM215070,Healthy
GSM215071,Healthy
GSM215072,Healthy
GSM215073,Healthy
GSM215074,Healthy
GSM215075,Healthy
GSM215076,Healthy
GSM215077,Healthy
GSM215078,Healthy
GSM215079,Healthy
GSM215080,Healthy
GSM215081,Healthy
GSM215082,Healthy
GSM215083,Cancer
GSM215084,Cancer
GSM215085,Cancer
GSM215086,Cancer
GSM215087,Cancer
GSM215088,Cancer
GSM215089,Cancer
GSM215090,Cancer
GSM215091,Cancer
GSM215092,Cancer
GSM215093,Cancer
GSM215094,Cancer
GSM215095,Cancer
GSM215096,Cancer
GSM215097,Cancer
GSM215098,Cancer
GSM215099,Cancer
GSM215100,Cancer
GSM215101,Cancer
GSM215102,Cancer
GSM215103,Cancer
GSM215104,Cancer
GSM215105,Cancer
GSM215106,Cancer
GSM215107,Cancer
GSM215108,Cancer
GSM215109,Cancer
GSM215110,Cancer
GSM215111,Cancer
GSM215112,Cancer
GSM215113,Cancer
GSM215114,Cancer
